<?xml version="1.0" ?>
<ipxact:design xmlns:ipxact="http://www.accellera.org/XMLSchema/IPXACT/1685-2014" xmlns:lattice="http://www.latticesemi.com/lattice" xmlns:lsccip="http://www.latticesemi.com/XMLSchema/Radiant/ip">
    <ipxact:vendor>latticesemi.com</ipxact:vendor>
    <ipxact:library>module</ipxact:library>
    <ipxact:name>ZPLL</ipxact:name>
    <ipxact:version>1.0.1</ipxact:version>
    <ipxact:componentInstances>
        <ipxact:componentInstance>
            <ipxact:instanceName>lscc_pll_inst</ipxact:instanceName>
            <ipxact:componentRef library="module" name="pll" vendor="latticesemi.com" version="1.0.1">
                <ipxact:configurableElementValues>
                    <ipxact:configurableElementValue referenceId="num_outputs">1</ipxact:configurableElementValue>
                    <ipxact:configurableElementValue referenceId="msg">Configuration Successful</ipxact:configurableElementValue>
                    <ipxact:configurableElementValue referenceId="in_clk">48.0</ipxact:configurableElementValue>
                    <ipxact:configurableElementValue referenceId="DIVR">0</ipxact:configurableElementValue>
                    <ipxact:configurableElementValue referenceId="FILTER_RANGE">4</ipxact:configurableElementValue>
                    <ipxact:configurableElementValue referenceId="FREQUENCY_PIN_REFERENCECLK">48.0</ipxact:configurableElementValue>
                    <ipxact:configurableElementValue referenceId="FEEDBACK_PATH">SIMPLE</ipxact:configurableElementValue>
                    <ipxact:configurableElementValue referenceId="extdiv_en">False</ipxact:configurableElementValue>
                    <ipxact:configurableElementValue referenceId="extdiv_port_sel">Port A</ipxact:configurableElementValue>
                    <ipxact:configurableElementValue referenceId="extdiv">1</ipxact:configurableElementValue>
                    <ipxact:configurableElementValue referenceId="extdiv_add">1</ipxact:configurableElementValue>
                    <ipxact:configurableElementValue referenceId="extdiv_total">1</ipxact:configurableElementValue>
                    <ipxact:configurableElementValue referenceId="EXTERNAL_DIVIDE_FACTOR">NONE</ipxact:configurableElementValue>
                    <ipxact:configurableElementValue referenceId="DIVF">15</ipxact:configurableElementValue>
                    <ipxact:configurableElementValue referenceId="VCO">768.0</ipxact:configurableElementValue>
                    <ipxact:configurableElementValue referenceId="DELAY_ADJUSTMENT_MODE_FEEDBACK">FIXED</ipxact:configurableElementValue>
                    <ipxact:configurableElementValue referenceId="FDA_FEEDBACK">0</ipxact:configurableElementValue>
                    <ipxact:configurableElementValue referenceId="DELAY_PORT_WIDTH">4</ipxact:configurableElementValue>
                    <ipxact:configurableElementValue referenceId="SHIFTREG_DIV_MODE">0</ipxact:configurableElementValue>
                    <ipxact:configurableElementValue referenceId="PLLOUT_SELECT_PORTA">GENCLK</ipxact:configurableElementValue>
                    <ipxact:configurableElementValue referenceId="PLLOUT_SELECT_PORTB">GENCLK</ipxact:configurableElementValue>
                    <ipxact:configurableElementValue referenceId="out_clk">48.0</ipxact:configurableElementValue>
                    <ipxact:configurableElementValue referenceId="fclkopA">48.0</ipxact:configurableElementValue>
                    <ipxact:configurableElementValue referenceId="fclkopB">48.0</ipxact:configurableElementValue>
                    <ipxact:configurableElementValue referenceId="fclkop_actual">48.0</ipxact:configurableElementValue>
                    <ipxact:configurableElementValue referenceId="fclkop_tolerance">5.0</ipxact:configurableElementValue>
                    <ipxact:configurableElementValue referenceId="fclkop_actual_deviation">0.0</ipxact:configurableElementValue>
                    <ipxact:configurableElementValue referenceId="DELAY_ADJUSTMENT_MODE_RELATIVE">FIXED</ipxact:configurableElementValue>
                    <ipxact:configurableElementValue referenceId="FDA_RELATIVE">0</ipxact:configurableElementValue>
                    <ipxact:configurableElementValue referenceId="DIVQ">4</ipxact:configurableElementValue>
                    <ipxact:configurableElementValue referenceId="enable_lock">True</ipxact:configurableElementValue>
                    <ipxact:configurableElementValue referenceId="enable_bypass">False</ipxact:configurableElementValue>
                    <ipxact:configurableElementValue referenceId="ENABLE_ICEGATE_PORTA">False</ipxact:configurableElementValue>
                    <ipxact:configurableElementValue referenceId="ENABLE_ICEGATE_PORTB">False</ipxact:configurableElementValue>
                </ipxact:configurableElementValues>
            </ipxact:componentRef>
        </ipxact:componentInstance>
    </ipxact:componentInstances>
    <ipxact:adHocConnections>
        <ipxact:adHocConnection>
            <ipxact:name>ZPLL.ref_clk_i</ipxact:name>
            <ipxact:portReferences>
                <ipxact:internalPortReference componentRef="ZPLL" portRef="ref_clk_i"/>
                <ipxact:externalPortReference portRef="ref_clk_i"/>
            </ipxact:portReferences>
        </ipxact:adHocConnection>
        <ipxact:adHocConnection>
            <ipxact:name>ZPLL.rst_n_i</ipxact:name>
            <ipxact:portReferences>
                <ipxact:internalPortReference componentRef="ZPLL" portRef="rst_n_i"/>
                <ipxact:externalPortReference portRef="rst_n_i"/>
            </ipxact:portReferences>
        </ipxact:adHocConnection>
        <ipxact:adHocConnection>
            <ipxact:name>ZPLL.feedback_i</ipxact:name>
            <ipxact:tiedValue>1'b0</ipxact:tiedValue>
            <ipxact:portReferences>
                <ipxact:internalPortReference componentRef="ZPLL" portRef="feedback_i"/>
            </ipxact:portReferences>
        </ipxact:adHocConnection>
        <ipxact:adHocConnection>
            <ipxact:name>ZPLL.dynamic_delay_i.3:0</ipxact:name>
            <ipxact:tiedValue>4'b0000</ipxact:tiedValue>
            <ipxact:portReferences>
                <ipxact:internalPortReference componentRef="ZPLL" portRef="dynamic_delay_i">
                    <ipxact:partSelect>
                        <ipxact:range>
                            <ipxact:left>3</ipxact:left>
                            <ipxact:right>0</ipxact:right>
                        </ipxact:range>
                    </ipxact:partSelect>
                </ipxact:internalPortReference>
            </ipxact:portReferences>
        </ipxact:adHocConnection>
        <ipxact:adHocConnection>
            <ipxact:name>ZPLL.bypass_i</ipxact:name>
            <ipxact:tiedValue>1'b0</ipxact:tiedValue>
            <ipxact:portReferences>
                <ipxact:internalPortReference componentRef="ZPLL" portRef="bypass_i"/>
            </ipxact:portReferences>
        </ipxact:adHocConnection>
        <ipxact:adHocConnection>
            <ipxact:name>ZPLL.latch_i</ipxact:name>
            <ipxact:tiedValue>1'b0</ipxact:tiedValue>
            <ipxact:portReferences>
                <ipxact:internalPortReference componentRef="ZPLL" portRef="latch_i"/>
            </ipxact:portReferences>
        </ipxact:adHocConnection>
        <ipxact:adHocConnection>
            <ipxact:name>ZPLL.lock_o</ipxact:name>
            <ipxact:portReferences>
                <ipxact:internalPortReference componentRef="ZPLL" portRef="lock_o"/>
                <ipxact:externalPortReference portRef="lock_o"/>
            </ipxact:portReferences>
        </ipxact:adHocConnection>
        <ipxact:adHocConnection>
            <ipxact:name>ZPLL.outcore_o</ipxact:name>
            <ipxact:portReferences>
                <ipxact:internalPortReference componentRef="ZPLL" portRef="outcore_o"/>
                <ipxact:externalPortReference portRef="outcore_o"/>
            </ipxact:portReferences>
        </ipxact:adHocConnection>
        <ipxact:adHocConnection>
            <ipxact:name>ZPLL.outglobal_o</ipxact:name>
            <ipxact:portReferences>
                <ipxact:internalPortReference componentRef="ZPLL" portRef="outglobal_o"/>
                <ipxact:externalPortReference portRef="outglobal_o"/>
            </ipxact:portReferences>
        </ipxact:adHocConnection>
        <ipxact:adHocConnection>
            <ipxact:name>ZPLL.outcoreb_o</ipxact:name>
            <ipxact:tiedValue>open</ipxact:tiedValue>
            <ipxact:portReferences>
                <ipxact:internalPortReference componentRef="ZPLL" portRef="outcoreb_o"/>
            </ipxact:portReferences>
        </ipxact:adHocConnection>
        <ipxact:adHocConnection>
            <ipxact:name>ZPLL.outglobalb_o</ipxact:name>
            <ipxact:tiedValue>open</ipxact:tiedValue>
            <ipxact:portReferences>
                <ipxact:internalPortReference componentRef="ZPLL" portRef="outglobalb_o"/>
            </ipxact:portReferences>
        </ipxact:adHocConnection>
        <ipxact:adHocConnection>
            <ipxact:name>ZPLL.sclk_i</ipxact:name>
            <ipxact:tiedValue>open</ipxact:tiedValue>
            <ipxact:portReferences>
                <ipxact:internalPortReference componentRef="ZPLL" portRef="sclk_i"/>
            </ipxact:portReferences>
        </ipxact:adHocConnection>
        <ipxact:adHocConnection>
            <ipxact:name>ZPLL.sdi_i</ipxact:name>
            <ipxact:tiedValue>open</ipxact:tiedValue>
            <ipxact:portReferences>
                <ipxact:internalPortReference componentRef="ZPLL" portRef="sdi_i"/>
            </ipxact:portReferences>
        </ipxact:adHocConnection>
        <ipxact:adHocConnection>
            <ipxact:name>ZPLL.sdo_o</ipxact:name>
            <ipxact:tiedValue>open</ipxact:tiedValue>
            <ipxact:portReferences>
                <ipxact:internalPortReference componentRef="ZPLL" portRef="sdo_o"/>
            </ipxact:portReferences>
        </ipxact:adHocConnection>
    </ipxact:adHocConnections>
</ipxact:design>
